timestamp,vibration,temperature,failure
2023-01-01 00:00:00,0.5496714153011233,76.99677718293,0.0
2023-01-01 00:10:00,0.4861735698828815,74.62316841456385,0.0
2023-01-01 00:20:00,0.5647688538100692,70.29815184960087,0.0
2023-01-01 00:30:00,0.6523029856408026,66.76531611147213,0.0
2023-01-01 00:40:00,0.4765846625276664,73.49111656806795,0.0
2023-01-01 00:50:00,0.4765863043050819,71.96742692710875,0.0
2023-01-01 01:00:00,0.6579212815507391,74.47596610013866,0.0
2023-01-01 01:10:00,0.5767434729152909,73.17585900840984,0.0
2023-01-01 01:20:00,0.4530525614065048,75.24776357659667,0.0
2023-01-01 01:30:00,0.5542560043585965,67.32382394219717,0.0
2023-01-01 01:40:00,0.4536582307187538,76.58697032817163,0.0
2023-01-01 01:50:00,0.4534270246429743,70.987998023462,0.0
2023-01-01 02:00:00,0.5241962271566034,80.37630436312632,0.0
2023-01-01 02:10:00,0.3086719755342202,66.55406090955216,0.0
2023-01-01 02:20:00,0.3275082167486967,78.67981901582624,0.0
2023-01-01 02:30:00,0.4437712470759027,70.98955391731324,0.0
2023-01-01 02:40:00,0.39871688796655763,66.74290998192775,0.0
2023-01-01 02:50:00,0.5314247332595274,67.58057082972839,0.0
2023-01-01 03:00:00,0.4091975924478789,68.3982634590284,0.0
2023-01-01 03:10:00,0.3587696298664709,72.12082973200958,0.0
2023-01-01 03:20:00,0.6465648768921555,72.6141774401775,0.0
2023-01-01 03:30:00,0.47742236995134646,67.13149998030711,0.0
2023-01-01 03:40:00,0.5067528204687923,69.87822703869509,0.0
2023-01-01 03:50:00,0.3575251813786543,80.71135179305932,0.0
2023-01-01 04:00:00,0.44556172754748175,78.63771585050355,0.0
2023-01-01 04:10:00,0.5110922589709866,72.18161834837016,0.0
2023-01-01 04:20:00,0.3849006422577697,70.190017390841,0.0
2023-01-01 04:30:00,0.5375698018345672,70.60015663359131,0.0
2023-01-01 04:40:00,0.4399361310081195,73.06758986365209,0.0
2023-01-01 04:50:00,0.4708306250206723,64.88603717400797,0.0
2023-01-01 05:00:00,0.4398293387770603,68.71311731288327,0.0
2023-01-01 05:10:00,0.6852278184508938,61.65707963061205,0.0
2023-01-01 05:20:00,0.4986502775262066,71.99611561302639,0.0
2023-01-01 05:30:00,0.39422890710440994,73.2359796985137,0.0
2023-01-01 05:40:00,0.5822544912103189,67.58406768850313,0.0
2023-01-01 05:50:00,0.37791563500289777,77.86993381645016,0.0
2023-01-01 06:00:00,0.5208863595004756,63.8711716849883,0.0
2023-01-01 06:10:00,0.30403298761202247,62.6781255989509,0.0
2023-01-01 06:20:00,0.3671813951101569,71.12225909279987,0.0
2023-01-01 06:30:00,0.5196861235869124,75.23549151306077,0.0
2023-01-01 06:40:00,0.573846657999541,78.41963845728934,0.0
2023-01-01 06:50:00,0.5171368281189971,67.7055786856553,0.0
2023-01-01 07:00:00,0.48843517176117596,75.39340416715648,0.0
2023-01-01 07:10:00,0.4698896304410711,69.80745765249647,0.0
2023-01-01 07:20:00,0.35214780096325726,69.1368635002959,0.0
2023-01-01 07:30:00,0.4280155791605291,74.41829968743336,0.0
2023-01-01 07:40:00,0.45393612290402124,73.2616143920671,0.0
2023-01-01 07:50:00,0.6057122226218916,62.11803921507875,0.0
2023-01-01 08:00:00,0.5343618289568461,77.38270174862947,0.0
2023-01-01 08:10:00,0.3236959844637266,76.90045677073726,0.0
2023-01-01 08:20:00,0.5324083969394795,66.87218649245236,0.0
2023-01-01 08:30:00,0.4614917719583683,71.97901766718705,0.0
2023-01-01 08:40:00,0.4323077999694041,72.4701509314137,0.0
2023-01-01 08:50:00,0.5611676288840868,71.30336882911953,0.0
2023-01-01 09:00:00,0.6030999522495951,67.2484742307729,0.0
2023-01-01 09:10:00,0.5931280119116199,66.64188316030975,0.0
2023-01-01 09:20:00,0.41607824767773616,69.87222964504278,0.0
2023-01-01 09:30:00,0.46907876241487856,75.86364509629682,0.0
2023-01-01 09:40:00,0.5331263431403563,72.71800077297216,0.0
2023-01-01 09:50:00,0.5975545127122359,68.14692833956947,0.0
2023-01-01 10:00:00,0.452082576215471,73.85849355324173,0.0
2023-01-01 10:10:00,0.4814341023336183,55.75728689684962,0.0
2023-01-01 10:20:00,0.3893665025993972,75.74382850186052,0.0
2023-01-01 10:30:00,0.38037933759193293,61.301431106109504,1.0
2023-01-01 10:40:00,0.5812525822394198,68.18779529298433,0.0
2023-01-01 10:50:00,0.6356240028570823,64.40165052686928,0.0
2023-01-01 11:00:00,0.49279898784196663,63.52659262139547,0.0
2023-01-01 11:10:00,0.6003532897892024,75.8041339368926,0.0
2023-01-01 11:20:00,0.5361636025047634,67.66149399344054,0.0
2023-01-01 11:30:00,0.43548802453948754,71.73251940865357,0.0
2023-01-01 11:40:00,0.5361395605508414,69.76539710560408,0.0
2023-01-01 11:50:00,0.6538036566465969,72.3852041361156,1.0
2023-01-01 12:00:00,0.49641739608900487,70.38410945530127,0.0
2023-01-01 12:10:00,0.6564643655814006,63.58503887905715,0.0
2023-01-01 12:20:00,0.23802548959102554,74.9813340972357,0.0
2023-01-01 12:30:00,0.5821902504375224,67.53121708419344,0.0
2023-01-01 12:40:00,0.5087047068238171,62.21709050670125,0.0
2023-01-01 12:50:00,0.47009926495341325,67.85942419517043,0.0
2023-01-01 13:00:00,0.5091760776535502,77.50379895317155,0.0
2023-01-01 13:10:00,0.3012431085399107,74.25110871056746,0.0
2023-01-01 13:20:00,0.4780328112162488,68.2567393279607,0.0
2023-01-01 13:30:00,0.5357112571511746,68.25371147840785,0.0
2023-01-01 13:40:00,0.6477894044741517,68.39182474391309,0.0
2023-01-01 13:50:00,0.44817297817263524,80.3837399178042,0.0
2023-01-01 14:00:00,0.4191506397106812,71.90967726115777,0.0
2023-01-01 14:10:00,0.44982429564154636,72.15020823595535,0.0
2023-01-01 14:20:00,0.5915402117702074,75.15141727015921,0.0
2023-01-01 14:30:00,0.5328751109659684,71.19394579513256,0.0
2023-01-01 14:40:00,0.4470239796232961,68.70478927089648,0.0
2023-01-01 14:50:00,0.5513267433113356,69.0182507545751,0.0
2023-01-01 15:00:00,0.509707754934804,69.64199370292968,0.0
2023-01-01 15:10:00,0.596864499053289,69.81388881745079,0.0
2023-01-01 15:20:00,0.4297946906122648,73.6381477181849,0.0
2023-01-01 15:30:00,0.4672337853402232,70.2597294290365,0.0
2023-01-01 15:40:00,0.4607891846867842,73.66320038607789,0.0
2023-01-01 15:50:00,0.35364850518678814,69.59641709945708,0.0
2023-01-01 16:00:00,0.5296120277064577,70.39317595158045,0.0
2023-01-01 16:10:00,0.526105527217989,60.00899657733946,0.0
2023-01-01 16:20:00,0.500511345664246,74.5816383735124,0.0
2023-01-01 16:30:00,0.4765412866624853,71.73244237948997,0.0
2023-01-01 16:40:00,0.35846292579495853,74.99005054929826,0.0
2023-01-01 16:50:00,0.4579354677234641,55.518723109031555,0.0
2023-01-01 17:00:00,0.465728548347323,80.44187352390364,0.0
2023-01-01 17:10:00,0.4197722730778381,69.30205185922414,0.0
2023-01-01 17:20:00,0.48387142883339906,75.54091408368758,0.0
2023-01-01 17:30:00,0.5404050856814538,64.80047036437234,0.0
2023-01-01 17:40:00,0.6886185901210531,73.06386952531285,0.0
2023-01-01 17:50:00,0.5174577812831839,64.73292218413172,0.0
2023-01-01 18:00:00,0.5257550390722764,66.88115519652098,0.0
2023-01-01 18:10:00,0.4925554084233833,79.57015676933393,0.0
2023-01-01 18:20:00,0.30812287847009584,69.04658799618326,0.0
2023-01-01 18:30:00,0.49734861245507833,71.08716436589862,0.0
2023-01-01 18:40:00,0.5060230209941027,74.35033865344377,0.0
2023-01-01 18:50:00,0.7463242112485287,72.47840943986303,0.0
2023-01-01 19:00:00,0.48076390352188775,70.75209452571788,0.0
2023-01-01 19:10:00,0.5301547342333612,71.82480501233113,0.0
2023-01-01 19:20:00,0.49652882302947565,82.01707792619138,1.0
2023-01-01 19:30:00,0.3831321962380468,69.71190601483207,0.0
2023-01-01 19:40:00,0.6142822814515021,71.00549523357483,0.0
2023-01-01 19:50:00,0.5751933032686775,75.25327198003806,0.0
2023-01-01 20:00:00,0.5791031947043047,75.52762966478991,0.0
2023-01-01 20:10:00,0.4090612545205261,75.9351515278019,0.0
2023-01-01 20:20:00,0.64027943109361,73.19365111014592,0.0
2023-01-01 20:30:00,0.3598148937207719,64.28497543634758,0.0
2023-01-01 20:40:00,0.558685709380027,78.16715766150548,0.0
2023-01-01 20:50:00,0.7190455625809978,64.26827303490656,0.0
2023-01-01 21:00:00,0.40094636748693113,71.51317732619516,0.0
2023-01-01 21:10:00,0.4433702270397228,66.22862074990321,0.0
2023-01-01 21:20:00,0.5099651365087641,69.67930826703504,0.0
2023-01-01 21:30:00,0.44965243458838006,71.6438120515174,0.0
2023-01-01 21:40:00,0.34493365689338673,71.60678607725137,0.0
2023-01-01 21:50:00,0.5068562974806027,72.10960377117642,0.0
2023-01-01 22:00:00,0.3937696286273895,78.06855634529323,0.0
2023-01-01 22:10:00,0.5473592430635181,72.2676715075699,0.0
2023-01-01 22:20:00,0.4080575765766197,68.77921682354676,1.0
2023-01-01 22:30:00,0.6549934405017539,74.82043584144179,0.0
2023-01-01 22:40:00,0.42167467076637627,75.9473524446232,0.0
2023-01-01 22:50:00,0.46779384837943244,63.861960924315035,0.0
2023-01-01 23:00:00,0.581351721736967,72.98700034924929,0.0
2023-01-01 23:10:00,0.3769135683566045,73.5058637115545,0.0
2023-01-01 23:20:00,0.522745993460413,68.51218248320004,0.0
2023-01-01 23:30:00,0.6307142754282429,76.8785340665581,1.0
2023-01-01 23:40:00,0.3392516765438772,69.24972206483737,0.0
2023-01-01 23:50:00,0.5184633858532304,70.6278822673577,0.0
2023-01-02 00:00:00,0.5259882794248424,69.13464087858065,0.0
2023-01-02 00:10:00,0.578182287177731,70.07789523790734,0.0
2023-01-02 00:20:00,0.3763049289121918,64.518624565524,0.0
2023-01-02 00:30:00,0.36795433869157235,62.799745587028525,0.0
2023-01-02 00:40:00,0.5521941565616898,77.97252531612486,0.0
2023-01-02 00:50:00,0.5296984673233186,65.76519325840836,0.0
2023-01-02 01:00:00,0.5250492850345877,65.04303825271846,0.0
2023-01-02 01:10:00,0.5346448209496976,59.23304943198143,0.0
2023-01-02 01:20:00,0.4319975278421509,66.8051912615525,0.0
2023-01-02 01:30:00,0.5232253697161003,63.384551032962506,0.0
2023-01-02 01:40:00,0.5293072473298681,78.21007580068185,0.0
2023-01-02 01:50:00,0.42856485819736323,75.04908544671318,0.0
2023-01-02 02:00:00,0.6865774511144757,66.55924827411138,0.0
2023-01-02 02:10:00,0.5473832920911788,81.26217902672154,0.0
2023-01-02 02:20:00,0.38086965027973513,74.90882743495797,0.0
2023-01-02 02:30:00,0.565655360863383,68.37584308245688,0.0
2023-01-02 02:40:00,0.40253183297726786,57.50297142563213,0.0
2023-01-02 02:50:00,0.5787084603742452,81.45471286295371,0.0
2023-01-02 03:00:00,0.6158595579007404,63.05213766618202,0.0
2023-01-02 03:10:00,0.41793176816482897,61.77300626521554,0.0
2023-01-02 03:20:00,0.5963376129244322,75.1128521600482,0.0
2023-01-02 03:30:00,0.5412780926936498,82.19876203169636,0.0
2023-01-02 03:40:00,0.582206015999449,76.9213640925526,0.0
2023-01-02 03:50:00,0.6896792982653948,72.8195456002618,0.0
2023-01-02 04:00:00,0.47546118839971296,72.97377170832642,0.0
2023-01-02 04:10:00,0.42462638356425103,74.26707779390154,0.0
2023-01-02 04:20:00,0.4110485570374477,73.79464294893383,0.0
2023-01-02 04:30:00,0.4184189715034562,71.40595711984687,1.0
2023-01-02 04:40:00,0.4922898290585896,70.52100551975938,0.0
2023-01-02 04:50:00,0.5341151974816644,69.6870343605024,0.0
2023-01-02 05:00:00,0.5276690799330019,66.23017705566662,0.0
2023-01-02 05:10:00,0.5827183249036024,68.59662461566613,0.0
2023-01-02 05:20:00,0.5013001891877907,61.535215929023074,0.0
2023-01-02 05:30:00,0.6453534077157317,69.50830186602624,0.0
2023-01-02 05:40:00,0.4735343166762044,65.05704446424541,0.0
2023-01-02 05:50:00,0.7720169166589619,64.48205341392115,0.0
2023-01-02 06:00:00,0.5625667347765007,70.8994707557674,0.0
2023-01-02 06:10:00,0.41428424435837174,76.96001143172299,0.0
2023-01-02 06:20:00,0.39291075019388877,74.59158303001156,0.0
2023-01-02 06:30:00,0.5482472415243185,62.14749698188412,0.0
2023-01-02 06:40:00,0.4776537214674149,65.05185931714831,0.0
2023-01-02 06:50:00,0.5714000494092092,74.70385593994108,0.0
2023-01-02 07:00:00,0.5473237624573545,65.08756303230845,0.0
2023-01-02 07:10:00,0.49271710873431274,68.87683425001488,0.0
2023-01-02 07:20:00,0.4153206281931595,72.75026049512276,0.0
2023-01-02 07:30:00,0.34851527753141354,65.15827772568183,0.0
2023-01-02 07:40:00,0.4553485047932979,70.5268775307298,0.0
2023-01-02 07:50:00,0.5856398794323472,63.32987252540898,0.0
2023-01-02 08:00:00,0.5214093744130204,66.99316178024394,0.0
2023-01-02 08:10:00,0.3754261221288012,71.59890967071269,0.0
2023-01-02 08:20:00,0.5173180925851182,62.03503133234165,0.0
2023-01-02 08:30:00,0.5385317379728837,72.20237368980199,0.0
2023-01-02 08:40:00,0.4116142563798867,69.9018110053666,0.0
2023-01-02 08:50:00,0.5153725105945528,72.76244977208574,0.0
2023-01-02 09:00:00,0.5058208718446,71.11957067032331,0.0
2023-01-02 09:10:00,0.38570297021693767,76.82070214986922,0.0
2023-01-02 09:20:00,0.5357787360348283,70.62612251323954,0.0
2023-01-02 09:30:00,0.5560784526368234,67.85297229437373,0.0
2023-01-02 09:40:00,0.6083051243175277,70.61148751516141,1.0
2023-01-02 09:50:00,0.6053802052034903,72.71649014518194,0.0
2023-01-02 10:00:00,0.3622330632042909,70.24430035162852,0.0
2023-01-02 10:10:00,0.4062174960084877,70.20295845601942,0.0
2023-01-02 10:20:00,0.551503526720866,66.49004156096622,0.0
2023-01-02 10:30:00,0.5513785950912209,66.68549541224526,0.0
2023-01-02 10:40:00,0.5515047686306048,62.98697364100153,0.0
2023-01-02 10:50:00,0.8852731490654722,78.74788371593469,0.0
2023-01-02 11:00:00,0.5570890510693167,63.780683823043574,0.0
2023-01-02 11:10:00,0.6135565640180599,66.53547401102047,0.0
2023-01-02 11:20:00,0.5954001763493202,66.40796367215401,0.0
2023-01-02 11:30:00,0.5651391251305798,74.47462188472221,0.0
2023-01-02 11:40:00,0.46847307553596546,68.52525160853986,0.0
2023-01-02 11:50:00,0.5758969220493267,76.23871036336867,0.0
2023-01-02 12:00:00,0.4227174785462428,66.63254687878066,0.0
2023-01-02 12:10:00,0.4763181393259991,71.39497081111901,0.0
2023-01-02 12:20:00,0.45146364521708965,65.82326473370121,0.0
2023-01-02 12:30:00,0.5081874139386322,80.72574563886694,1.0
2023-01-02 12:40:00,0.7314658566673509,64.06200790485244,0.0
2023-01-02 12:50:00,0.31327348074082517,71.54910355113513,0.0
2023-01-02 13:00:00,0.5686260190374514,73.16888440466049,0.0
2023-01-02 13:10:00,0.33872841288103483,72.0689954872575,0.0
2023-01-02 13:20:00,0.45280681342105666,69.07356170561145,0.0
2023-01-02 13:30:00,0.6088950596967366,69.35089650133287,0.0
2023-01-02 13:40:00,0.5064280019095463,70.21905735989554,0.0
2023-01-02 13:50:00,0.3922255222070694,69.26498999185756,0.0
2023-01-02 14:00:00,0.42846962907400316,74.81939558397455,0.0
2023-01-02 14:10:00,0.5679597748934676,81.05261500795676,0.0
2023-01-02 14:20:00,0.42696333682828636,67.21254107496082,0.0
2023-01-02 14:30:00,0.5216458589581975,63.15098510210461,0.0
2023-01-02 14:40:00,0.5045571839903814,69.55858975824373,0.0
2023-01-02 14:50:00,0.43483996523941826,82.8985466882716,1.0
2023-01-02 15:00:00,0.7143944089325326,65.98162716015135,0.0
2023-01-02 15:10:00,0.5633919022318011,78.19558402722033,0.0
2023-01-02 15:20:00,0.2974857413342393,78.3885040703822,1.0
2023-01-02 15:30:00,0.5186454314769428,67.23205879146003,0.0
2023-01-02 15:40:00,0.4338213535231612,72.84491539592638,0.0
2023-01-02 15:50:00,0.5852433334796224,78.14198311564269,0.0
2023-01-02 16:00:00,0.42074792615672996,68.10436129506256,0.0
2023-01-02 16:10:00,0.4885263558533101,68.98209819948819,0.0
2023-01-02 16:20:00,0.5504987278980458,67.09159543025677,1.0
2023-01-02 16:30:00,0.5865755194170121,64.92621634653567,1.0
2023-01-02 16:40:00,0.37997035929442236,66.75361227466996,0.0
2023-01-02 16:50:00,0.4665498764159052,63.880298666188715,0.0
2023-01-02 17:00:00,0.45250546888390436,70.17041734129613,0.0
2023-01-02 17:10:00,0.43466707674262883,66.15013384470679,0.0
2023-01-02 17:20:00,0.6765454240281097,71.16892955895374,0.0
2023-01-02 17:30:00,0.5404981710960955,62.22052176898186,1.0
2023-01-02 17:40:00,0.37391160456649547,71.65440116107229,0.0
2023-01-02 17:50:00,0.5917861947054777,74.16764480804463,0.0
2023-01-02 18:00:00,0.7122156197012633,60.03132178714272,0.0
2023-01-02 18:10:00,0.6032465260551148,71.87028284923787,0.0
2023-01-02 18:20:00,0.3480630034045986,76.13834496236646,0.0
2023-01-02 18:30:00,0.45157659271337486,63.951794906543974,0.0
2023-01-02 18:40:00,0.6266911149186623,78.36286193418852,0.0
2023-01-02 18:50:00,0.4292330534381219,72.09509504683022,0.0
2023-01-02 19:00:00,0.5443819428146228,66.47494072120796,0.0
2023-01-02 19:10:00,0.5774634053429337,69.72115461171147,0.0
2023-01-02 19:20:00,0.4073069528421917,72.7916345626086,0.0
2023-01-02 19:30:00,0.49404746439381997,70.38002695706206,0.0
2023-01-02 19:40:00,0.17587326599309272,72.69377996223184,0.0
2023-01-02 19:50:00,0.397561235866571,65.39663203460317,0.0
2023-01-02 20:00:00,0.47474318486068395,70.8468041201804,0.0
2023-01-02 20:10:00,0.37522168180351506,62.9314275154751,0.0
2023-01-02 20:20:00,0.6632411303931636,69.4438696932565,0.0
2023-01-02 20:30:00,0.3569858622039367,65.48046179267605,0.0
2023-01-02 20:40:00,0.4559955513303016,66.32235028705117,0.0
2023-01-02 20:50:00,0.5130740577286091,76.18046587605218,0.0
2023-01-02 21:00:00,0.6441273289066116,75.45655060297135,0.0
2023-01-02 21:10:00,0.35641378488205605,73.04569060453588,0.0
2023-01-02 21:20:00,0.616316375215496,64.5384361766371,0.0
2023-01-02 21:30:00,0.5010233061019587,68.41795775152599,0.0
2023-01-02 21:40:00,0.4018491348952049,76.06548849989592,0.0
2023-01-02 21:50:00,0.5462103474263271,70.70858456819953,0.0
2023-01-02 22:00:00,0.519905969557347,81.59664769990847,0.0
2023-01-02 22:10:00,0.43997831228412054,71.96658919697185,0.0
2023-01-02 22:20:00,0.5069802084990019,70.96024558245016,0.0
2023-01-02 22:30:00,0.46146864031382395,68.4544176789875,0.0
2023-01-02 22:40:00,0.5113517345251248,70.66770452391141,0.0
2023-01-02 22:50:00,0.5662130674521046,69.23765081809728,0.0
2023-01-02 23:00:00,0.6586016816145353,73.54054338344295,0.0
2023-01-02 23:10:00,0.3762184501173151,74.78351158397292,0.0
2023-01-02 23:20:00,0.7133033374656267,66.07005269746026,0.0
2023-01-02 23:30:00,0.30479122004774983,63.343835232211106,0.0
2023-01-02 23:40:00,0.4848214904964417,60.818973134483514,0.0
2023-01-02 23:50:00,0.5588317206484577,72.53995663456271,0.0
2023-01-03 00:00:00,0.5280991867735033,64.48316696913064,0.0
2023-01-03 00:10:00,0.43773004801794063,59.23554703523759,0.0
2023-01-03 00:20:00,0.47918777496427245,71.94289302265481,0.0
2023-01-03 00:30:00,0.45069990653411673,82.46499758716395,0.0
2023-01-03 00:40:00,0.4410635243055788,69.96964544230053,0.0
2023-01-03 00:50:00,0.5849602097021025,74.19245387225821,0.0
2023-01-03 01:00:00,0.5357015485965048,70.40914679273783,0.0
2023-01-03 01:10:00,0.43070904047393455,69.50555173404429,0.0
2023-01-03 01:20:00,0.589959987543325,74.59538241493884,1.0
2023-01-03 01:30:00,0.5307299520876609,68.54862727905675,1.0
2023-01-03 01:40:00,0.581286211883896,71.33696157035952,0.0
2023-01-03 01:50:00,0.5629628841923612,71.60848903098007,0.0
2023-01-03 02:00:00,0.41710049890779277,66.65954773178476,0.0
2023-01-03 02:10:00,0.443981895980303,74.96021174768262,0.0
2023-01-03 02:20:00,0.5747293605123261,69.12520121652295,0.0
2023-01-03 02:30:00,0.5610370265433465,66.22127420253578,0.0
2023-01-03 02:40:00,0.4979098406035852,72.68254921785201,1.0
2023-01-03 02:50:00,0.5117327383308782,65.50766009104481,0.0
2023-01-03 03:00:00,0.6277664895788425,70.14090578684564,0.0
2023-01-03 03:10:00,0.440842861116417,69.95440501677898,0.0
2023-01-03 03:20:00,0.5547097381170037,75.42947782915789,0.0
2023-01-03 03:30:00,0.4797807347566106,72.37349116439977,0.0
2023-01-03 03:40:00,0.478231879677278,69.87486520627428,0.0
2023-01-03 03:50:00,0.609877685198719,74.08883149600143,0.0
2023-01-03 04:00:00,0.582541634898803,76.95103774508657,0.0
2023-01-03 04:10:00,0.5813509636000639,72.78905153175931,0.0
2023-01-03 04:20:00,0.6305478807154329,70.0517630992169,0.0
2023-01-03 04:30:00,0.502100384163276,63.4408188382492,0.0
2023-01-03 04:40:00,0.5681952971294963,64.67443168462313,0.0
2023-01-03 04:50:00,0.4689733243406544,68.47387647822666,0.0
2023-01-03 05:00:00,0.5324166352488442,66.95243898920359,1.0
2023-01-03 05:10:00,0.48698569456323154,69.06514348507277,0.0
2023-01-03 05:20:00,0.5096995964992718,70.28324962448553,0.0
2023-01-03 05:30:00,0.5595157025436913,72.64846377178365,0.0
2023-01-03 05:40:00,0.41817793167665274,69.64750610970454,0.0
2023-01-03 05:50:00,0.709238727568546,72.43250821913101,0.0
2023-01-03 06:00:00,0.3993982618500298,70.3223720740506,0.0
2023-01-03 06:10:00,0.3785811387212268,60.12266716823064,0.0
2023-01-03 06:20:00,0.6158110873500068,65.30332303090623,0.0
2023-01-03 06:30:00,0.5791662693962936,69.27956222139193,0.0
2023-01-03 06:40:00,0.5624119817052156,63.951526285794465,0.0
2023-01-03 06:50:00,0.562834550926428,72.99964364998102,0.0
2023-01-03 07:00:00,0.49877532271530856,77.65375416171848,0.0
2023-01-03 07:10:00,0.41027456285141684,76.09380925848659,0.0
2023-01-03 07:20:00,0.5075804558193726,68.93278564534896,0.0
2023-01-03 07:30:00,0.4322838288487888,77.45363068424976,0.0
2023-01-03 07:40:00,0.5975119733417751,70.74333728601056,0.0
2023-01-03 07:50:00,0.48529426184978613,68.3145701444098,0.0
2023-01-03 08:00:00,0.4174502803207488,66.93298668229531,0.0
2023-01-03 08:10:00,0.46786141583470064,68.48765156755935,0.0
2023-01-03 08:20:00,0.5412931454275625,68.05911590729386,0.0
2023-01-03 08:30:00,0.44362754471960253,70.85208111187744,0.0
2023-01-03 08:40:00,0.41777796044335685,70.80286990524932,1.0
2023-01-03 08:50:00,0.5243687211491912,70.01523010076707,0.0
2023-01-03 09:00:00,0.5244966571108722,72.18469084873175,0.0
2023-01-03 09:10:00,0.44930568246288705,75.9532313739317,0.0
2023-01-03 09:20:00,0.45289616943816774,74.74777067720662,1.0
2023-01-03 09:30:00,0.5232049937357637,62.575510157750486,1.0
2023-01-03 09:40:00,0.35519156585026757,57.230394325490224,0.0
2023-01-03 09:50:00,0.3592536225623445,74.67159955619637,0.0
2023-01-03 10:00:00,0.4281555778747564,63.165606507922895,0.0
2023-01-03 10:10:00,0.47865528482881525,68.87617299053659,0.0
2023-01-03 10:20:00,0.5310907565598004,64.1494348697032,0.0
2023-01-03 10:30:00,0.6475356216949553,60.990097812099904,0.0
2023-01-03 10:40:00,0.585765962320202,72.70731364102394,0.0
2023-01-03 10:50:00,0.4840061470036573,73.79577580151323,0.0
2023-01-03 11:00:00,0.4980983792097311,67.11744799636641,0.0
2023-01-03 11:10:00,0.39974706353621914,57.04478853927545,0.0
2023-01-03 11:20:00,0.498148686400761,67.26877775873758,0.0
2023-01-03 11:30:00,0.47113413610798616,71.95902002701273,0.0
2023-01-03 11:40:00,0.532271856033809,62.60544215612936,0.0
2023-01-03 11:50:00,0.4172769056447677,70.91679959889578,0.0
2023-01-03 12:00:00,0.5519346514241172,69.92345075413502,0.0
2023-01-03 12:10:00,0.6532738913002578,72.89645749800545,0.0
2023-01-03 12:20:00,0.4891239851543142,70.59790184207077,0.0
2023-01-03 12:30:00,0.5401711722098942,65.13465529559222,0.0
2023-01-03 12:40:00,0.5690143991711113,75.98285750832245,0.0
2023-01-03 12:50:00,0.45987795281141636,69.20735213486515,0.0
2023-01-03 13:00:00,0.5224092481810417,69.86347730245033,0.0
2023-01-03 13:10:00,0.5012592400781795,65.33366020463401,0.0
2023-01-03 13:20:00,0.5097676098548831,67.78358874404245,0.0
2023-01-03 13:30:00,0.42269902161445333,65.5759864298655,0.0
2023-01-03 13:40:00,0.5024510174258943,69.13526970038288,0.0
2023-01-03 13:50:00,0.549799829124545,78.55854240071172,0.0
2023-01-03 14:00:00,0.6451143607795042,63.140494285343216,0.0
2023-01-03 14:10:00,0.5959270826085207,61.932193010616295,0.0
2023-01-03 14:20:00,0.7153182457511557,77.35585163746805,0.0
2023-01-03 14:30:00,0.42326524371119506,68.95338161424067,1.0
2023-01-03 14:40:00,0.5872320636720678,66.65463630670041,0.0
2023-01-03 14:50:00,0.5183342005738352,75.19952343698039,0.0
2023-01-03 15:00:00,0.7189802933217673,66.97192230131569,0.0
2023-01-03 15:10:00,0.4191701714644849,79.13004856773468,0.0
2023-01-03 15:20:00,0.4160278157819224,73.38962935669635,0.0
2023-01-03 15:30:00,0.44006073545559776,67.56044295927148,0.0
2023-01-03 15:40:00,0.28761042756901933,80.78654106632752,0.0
2023-01-03 15:50:00,0.4474244978319239,66.9714253849833,0.0
2023-01-03 16:00:00,0.4240867338446302,73.71047686004654,0.0
2023-01-03 16:10:00,0.5150393786476207,71.49646290203246,0.0
2023-01-03 16:20:00,0.5341755975777159,76.50870644699398,0.0
2023-01-03 16:30:00,0.6876170839215886,77.80755598363426,0.0
2023-01-03 16:40:00,0.595042383818605,70.16002074532884,0.0
2023-01-03 16:50:00,0.4423096344337597,66.23291064826908,0.0
2023-01-03 17:00:00,0.4101585328651642,72.29986071469558,0.0
2023-01-03 17:10:00,0.5491919171506505,66.61142315123946,0.0
2023-01-03 17:20:00,0.36797667929793576,80.06693623763312,0.0
2023-01-03 17:30:00,0.6831458765854354,70.68267665541369,0.0
2023-01-03 17:40:00,0.6179440120721287,68.17339224343945,0.0
2023-01-03 17:50:00,0.45308243478952953,70.92340152932454,0.0
2023-01-03 18:00:00,0.3286865470909123,63.26436855235152,0.0
2023-01-03 18:10:00,0.6353872374165412,65.14192980744674,0.0
2023-01-03 18:20:00,0.4885460154747382,76.00206953972213,0.0
2023-01-03 18:30:00,0.6237816311973462,66.71552860514302,0.0
2023-01-03 18:40:00,0.34055723412056327,64.7654450865903,0.0
2023-01-03 18:50:00,0.4400624977046227,72.68326376263643,0.0
2023-01-03 19:00:00,0.5005243699718183,75.92852077331499,0.0
2023-01-03 19:10:00,0.5046980593764742,73.59476655332533,0.0
2023-01-03 19:20:00,0.45499345285207565,74.98023842902909,0.0
2023-01-03 19:30:00,0.5622849932347499,66.21602455715269,0.0
2023-01-03 19:40:00,0.3932379570617406,62.89094666629078,0.0
2023-01-03 19:50:00,0.48576205149787066,77.50666825977743,0.0
2023-01-03 20:00:00,0.5120295631711899,68.38660080578933,0.0
2023-01-03 20:10:00,0.5514438834058749,68.74583491772476,1.0
2023-01-03 20:20:00,0.571161487808889,76.6409707092453,0.0
2023-01-03 20:30:00,0.3875357908162131,72.7811500470033,0.0
2023-01-03 20:40:00,0.3465885829264378,72.27943886040804,0.0
2023-01-03 20:50:00,0.6277676821898509,80.82501172450542,0.0
2023-01-03 21:00:00,0.5332314011979592,66.78240884809928,0.0
2023-01-03 21:10:00,0.42515134634434465,74.63920064040619,0.0
2023-01-03 21:20:00,0.6551151975522523,70.28506562448543,0.0
2023-01-03 21:30:00,0.5115674634292858,71.34296139431629,0.0
2023-01-03 21:40:00,0.6179297184063827,77.64234213206265,0.0
2023-01-03 21:50:00,0.5067518481410109,72.53917878144811,0.0
2023-01-03 22:00:00,0.7060747924881987,72.69148039524816,0.0
2023-01-03 22:10:00,0.6755340842443205,75.362536686549,0.0
2023-01-03 22:20:00,0.47510358515209267,68.17523635228558,0.0
2023-01-03 22:30:00,0.5971570950954356,65.80395166330497,0.0
2023-01-03 22:40:00,0.5645375949585147,64.77595402989483,0.0
2023-01-03 22:50:00,0.6368631557532349,60.16821705311999,0.0
2023-01-03 23:00:00,0.40350765394198956,80.28103564970161,0.0
2023-01-03 23:10:00,0.5686051459998439,64.48395817139158,0.0
2023-01-03 23:20:00,0.6058424486849587,68.89373188207114,0.0
2023-01-03 23:30:00,0.32412605135768857,68.6159335005554,0.0
2023-01-03 23:40:00,0.3816741487334225,71.5370334890455,0.0
2023-01-03 23:50:00,0.2960767822239899,74.07868606269648,0.0
2023-01-04 00:00:00,0.47305931655554423,74.30236744179872,0.0
2023-01-04 00:10:00,0.5717542255795962,67.08461280715531,0.0
2023-01-04 00:20:00,0.6502357052096028,69.16439143106794,0.0
2023-01-04 00:30:00,0.5074094780419776,71.4128997524415,0.0
2023-01-04 00:40:00,0.6628615545571293,68.75654436908226,0.0
2023-01-04 00:50:00,0.3619898541785108,78.03672788009996,0.0
2023-01-04 01:00:00,0.32966175606448456,72.45487475819125,0.0
2023-01-04 01:10:00,0.49444523011033814,73.67438893024908,0.0
2023-01-04 01:20:00,0.5384065448939307,73.31440634333707,0.0
2023-01-04 01:30:00,0.4967305251905907,75.86736928742663,0.0
2023-01-04 01:40:00,0.2932557899960123,70.90510779351854,0.0
2023-01-04 01:50:00,0.49108799604872116,63.51584026022077,0.0
2023-01-04 02:00:00,0.36955304994951466,71.99843975876321,0.0
2023-01-04 02:10:00,0.5669672548830038,66.74321553104086,0.0
2023-01-04 02:20:00,0.5366598246096849,67.35691659125122,0.0
2023-01-04 02:30:00,0.40601202136726444,72.93182009377547,0.0
2023-01-04 02:40:00,0.4486133082663306,76.19141535716818,0.0
2023-01-04 02:50:00,0.39407864781110485,70.1063578836803,0.0
2023-01-04 03:00:00,0.49373209027268283,71.54416506299482,0.0
2023-01-04 03:10:00,0.5955142320501239,78.5110747231762,0.0
2023-01-04 03:20:00,0.4014273953664456,71.20376589744284,0.0
2023-01-04 03:30:00,0.5504046515517844,83.00841557090197,0.0
2023-01-04 03:40:00,0.44697423816275594,72.82754822815772,0.0
2023-01-04 03:50:00,0.4207127167737656,61.19618620422091,0.0
2023-01-04 04:00:00,0.4892969640045442,73.76670810552267,0.0
2023-01-04 04:10:00,0.3964757677580626,71.90579192441389,1.0
2023-01-04 04:20:00,0.4446350694652818,76.44876377041373,0.0
2023-01-04 04:30:00,0.38021221074111516,73.36590675634979,1.0
2023-01-04 04:40:00,0.696472513291639,69.30772008008113,0.0
2023-01-04 04:50:00,0.5035263551971728,63.87850881855317,0.0
2023-01-04 05:00:00,0.43002744920074143,68.95488371356987,0.0
2023-01-04 05:10:00,0.5213979910734222,65.7473977289535,0.0
2023-01-04 05:20:00,0.48876719503091703,67.09738275097638,0.0
2023-01-04 05:30:00,0.4779030400466777,72.94289202210305,0.0
2023-01-04 05:40:00,0.5614166700043425,78.34952252175702,0.0
2023-01-04 05:50:00,0.5757507710047305,71.9733576491149,0.0
2023-01-04 06:00:00,0.44694988523894724,64.02058468982408,0.0
2023-01-04 06:10:00,0.442418175935532,72.22301334110071,0.0
2023-01-04 06:20:00,0.4724948302848356,75.98315743322826,0.0
2023-01-04 06:30:00,0.26980788352644147,66.95108547840309,0.0
2023-01-04 06:40:00,0.3484808937801448,69.3299141666354,0.0
2023-01-04 06:50:00,0.6366874267444524,70.07344097364599,0.0
2023-01-04 07:00:00,0.6644967713501284,66.0755084345888,0.0
2023-01-04 07:10:00,0.47509639604436216,73.2414021692193,0.0
2023-01-04 07:20:00,0.5576556963055767,69.3952592569611,0.0
2023-01-04 07:30:00,0.5311250154543536,72.09766221953514,0.0
2023-01-04 07:40:00,0.8078880808455238,65.5625391109895,0.0
2023-01-04 07:50:00,0.6119574911434577,67.81270849838295,0.0
2023-01-04 08:00:00,0.4872082408519233,73.61190678913886,0.0
2023-01-04 08:10:00,0.4044459559399574,68.13583423954117,0.0
2023-01-04 08:20:00,0.3393553679742427,78.63481925616702,0.0
2023-01-04 08:30:00,0.5203463635867223,68.00181907192699,0.0
2023-01-04 08:40:00,0.4243649254715697,71.12342362875943,0.0
2023-01-04 08:50:00,0.3577746290402326,74.66295415936546,0.0
2023-01-04 09:00:00,0.43534271157574733,62.90817133533484,0.0
2023-01-04 09:10:00,0.3918451996385605,61.19595594009612,0.0
2023-01-04 09:20:00,0.6687141635072564,62.371718427149524,0.0
2023-01-04 09:30:00,0.588163975694945,76.31292051713591,0.0
2023-01-04 09:40:00,0.49920273586833824,67.24070927053776,0.0
2023-01-04 09:50:00,0.6479944138890026,82.79099642834126,0.0
2023-01-04 10:00:00,0.5077368307647618,67.17876200671306,0.0
2023-01-04 10:10:00,0.4138715798671736,70.92275651598518,0.0
2023-01-04 10:20:00,0.6523124077269657,77.71054976283938,0.0
2023-01-04 10:30:00,0.5538910043684658,80.03046444079561,0.0
2023-01-04 10:40:00,0.39627538456735434,80.30751788318199,0.0
2023-01-04 10:50:00,0.4809661321916392,76.04183115296571,0.0
2023-01-04 11:00:00,0.41243817466152427,75.12031262905731,0.0
2023-01-04 11:10:00,0.3617200269035664,72.96263474600592,0.0
2023-01-04 11:20:00,0.5926177547531641,73.89180538083319,0.0
2023-01-04 11:30:00,0.6909416640470131,67.24407141835734,0.0
2023-01-04 11:40:00,0.36014324261808583,65.90900558288847,1.0
2023-01-04 11:50:00,0.5562969236690571,69.98312771294523,0.0
2023-01-04 12:00:00,0.4349357430878173,69.14907688737536,0.0
2023-01-04 12:10:00,0.4512874616235304,67.73385975336362,1.0
2023-01-04 12:20:00,0.4407606075761131,73.48193723728357,0.0
2023-01-04 12:30:00,0.4136009230320184,74.77652604285255,0.0
2023-01-04 12:40:00,0.5048521627944828,70.44203443145923,1.0
2023-01-04 12:50:00,0.4169049883588962,77.3876504052763,0.0
2023-01-04 13:00:00,0.5270456825779839,64.29155442933248,0.0
2023-01-04 13:10:00,0.4949761890550863,69.03170270360141,0.0
2023-01-04 13:20:00,0.47610519531335904,66.41588839698598,0.0
2023-01-04 13:30:00,0.4092436337958402,60.667316914634696,0.0
2023-01-04 13:40:00,0.4423228669431667,69.5865965707865,0.0
2023-01-04 13:50:00,0.5755391225825757,69.39126245808359,0.0
2023-01-04 14:00:00,0.5500917187624381,77.56724871621066,0.0
2023-01-04 14:10:00,0.40224447552014486,73.15405842277389,0.0
2023-01-04 14:20:00,0.5099332305429226,64.87906587835397,0.0
2023-01-04 14:30:00,0.575138712337179,79.27046283167094,0.0
2023-01-04 14:40:00,0.3330594718878628,76.10516847762676,0.0
2023-01-04 14:50:00,0.5543360192379935,72.91048851734308,0.0
2023-01-04 15:00:00,0.43373762410541533,68.86757950575084,0.0
2023-01-04 15:10:00,0.557059866859316,65.2028038163826,0.0
2023-01-04 15:20:00,0.4236740843457483,68.13896611964473,0.0
2023-01-04 15:30:00,0.3195117899335481,75.44374309852093,0.0
2023-01-04 15:40:00,0.33724575621168373,79.42293152967305,0.0
2023-01-04 15:50:00,0.5048084946661382,77.71621764136094,0.0
2023-01-04 16:00:00,0.5259722501721482,67.55575289106864,0.0
2023-01-04 16:10:00,0.4095683374895591,64.40191283355495,0.0
2023-01-04 16:20:00,0.5638592458777374,70.70443123455603,0.0
2023-01-04 16:30:00,0.33384799377310403,61.157803172185744,0.0
2023-01-04 16:40:00,0.49339202013526834,71.61583857092391,0.0
2023-01-04 16:50:00,0.3788983800237543,69.26198706850666,0.0
2023-01-04 17:00:00,0.43481638921978405,67.66981749065879,0.0
2023-01-04 17:10:00,0.5047398671316414,62.026484663666025,0.0
2023-01-04 17:20:00,0.41395866347160476,72.56800053284859,1.0
2023-01-04 17:30:00,0.46154444557701746,67.33649580169045,0.0
2023-01-04 17:40:00,0.6006292809214441,64.15041582144856,0.0
2023-01-04 17:50:00,0.4423108130476851,55.63868893359175,0.0
2023-01-04 18:00:00,0.5835692112065142,69.86242547474681,0.0
2023-01-04 18:10:00,0.38702931453423817,78.86125798334872,0.0
2023-01-04 18:20:00,0.5529804177915283,78.30629607273934,0.0
2023-01-04 18:30:00,0.64415686206579,67.71451871706864,0.0
2023-01-04 18:40:00,0.2528355499872711,66.9889396981911,0.0
2023-01-04 18:50:00,0.42031047445295233,72.34387128037511,0.0
2023-01-04 19:00:00,0.557707212718054,65.00807280405854,0.0
2023-01-04 19:10:00,0.47969546139570074,71.50895949909733,0.0
2023-01-04 19:20:00,0.5371145873371309,73.83040139192344,0.0
2023-01-04 19:30:00,0.4396014813284179,76.13466611942154,0.0
2023-01-04 19:40:00,0.5086589787472899,69.49922961760024,0.0
2023-01-04 19:50:00,0.48443227646079207,68.98163124911517,0.0
2023-01-04 20:00:00,0.6167782061659808,65.61008706621719,0.0
2023-01-04 20:10:00,0.5254420843301213,65.8655982298007,0.0
2023-01-04 20:20:00,0.5337602662075203,68.86760554049236,0.0
2023-01-04 20:30:00,0.45881230338775325,71.8368275340809,0.0
2023-01-04 20:40:00,0.4512393775927506,74.56792313116625,0.0
2023-01-04 20:50:00,0.4567441812180379,65.98410524659828,0.0
2023-01-04 21:00:00,0.5394452142378297,77.46344284479761,0.0
2023-01-04 21:10:00,0.4579015519179737,68.64438199478715,0.0
2023-01-04 21:20:00,0.5289774856896413,69.89316352825782,0.0
2023-01-04 21:30:00,0.7075400798645439,66.26394160426088,0.0
2023-01-04 21:40:00,0.5871124703431693,57.87879869863529,0.0
2023-01-04 21:50:00,0.4673976467832159,74.42022698180524,0.0
2023-01-04 22:00:00,0.6201213922163945,73.68421948546217,0.0
2023-01-04 22:10:00,0.45919246269784486,68.59336221440893,0.0
2023-01-04 22:20:00,0.29618754648221457,70.33495358612436,0.0
2023-01-04 22:30:00,0.39919136890825957,72.57969608852049,0.0
2023-01-04 22:40:00,0.3129208078974144,62.18727071556729,0.0
2023-01-04 22:50:00,0.46484865159586913,67.35473661326853,0.0
2023-01-04 23:00:00,0.5018418379189552,73.97132339810913,0.0
2023-01-04 23:10:00,0.6676437312275283,63.72855288415376,0.0
2023-01-04 23:20:00,0.5326927373764163,71.46778966083315,0.0
2023-01-04 23:30:00,0.47808994711911357,63.21709097688297,0.0
2023-01-04 23:40:00,0.5829405581183489,72.33214991216764,0.0
2023-01-04 23:50:00,0.27888646909921144,69.82179258851258,0.0
2023-01-05 00:00:00,0.5235614558108566,61.92434092047245,0.0
2023-01-05 00:10:00,0.5770865193886967,75.82369677228586,0.0
2023-01-05 00:20:00,0.35214137542201585,66.32704211600975,0.0
2023-01-05 00:30:00,0.6143754043206929,65.9487378149281,0.0
2023-01-05 00:40:00,0.5338496407494414,71.00284598615471,0.0
2023-01-05 00:50:00,0.45847120860991986,75.74318674714358,0.0
2023-01-05 01:00:00,0.5632781866106285,64.92089090510801,0.0
2023-01-05 01:10:00,0.7270692857804396,70.30839924923986,0.0
2023-01-05 01:20:00,0.5181866255058495,72.14408250165286,0.0
2023-01-05 01:30:00,0.5248220586300336,73.46552803631572,0.0
2023-01-05 01:40:00,0.45406391004597557,70.88220777638612,0.0
2023-01-05 01:50:00,0.41501556305352083,68.16486080458338,0.0
2023-01-05 02:00:00,0.5830335816544245,65.8620488967564,0.0
2023-01-05 02:10:00,0.4143916174091133,70.43071941523188,0.0
2023-01-05 02:20:00,0.5071566237219393,64.63930494007197,0.0
2023-01-05 02:30:00,0.4522342553234883,55.39324758252697,0.0
2023-01-05 02:40:00,0.5478979825746392,72.18279902078834,0.0
2023-01-05 02:50:00,0.5333662105286948,74.51967420543097,0.0
2023-01-05 03:00:00,0.6037539944257899,58.185337822290805,0.0
2023-01-05 03:10:00,0.4489983601145253,64.95134647645031,0.0
2023-01-05 03:20:00,0.4730125064706629,73.09577130502599,0.0
2023-01-05 03:30:00,0.40212362842176924,80.2874773485585,0.0
2023-01-05 03:40:00,0.4555706739923888,70.10396853837705,0.0
2023-01-05 03:50:00,0.5377300493044852,66.35998529385432,0.0
2023-01-05 04:00:00,0.5756988616645352,69.0855177944758,0.0
2023-01-05 04:10:00,0.40778346758223744,76.87438209574093,0.0
2023-01-05 04:20:00,0.586960592010566,66.77017910437732,1.0
2023-01-05 04:30:00,0.6355637858804951,66.00403996674873,0.0
2023-01-05 04:40:00,0.5413434903223701,67.58628238908983,0.0
2023-01-05 04:50:00,0.6876795812558066,65.23335695870644,0.0
2023-01-05 05:00:00,0.4226210800896427,70.61335157997398,0.0
2023-01-05 05:10:00,0.3755345296688583,78.1233922923478,0.0
2023-01-05 05:20:00,0.32212797510957214,71.61539636558014,0.0
2023-01-05 05:30:00,0.6496044311489183,68.73823248936856,0.0
2023-01-05 05:40:00,0.5654365656354058,68.54094365542228,0.0
2023-01-05 05:50:00,0.4944415329089545,62.18404595651671,0.0
2023-01-05 06:00:00,0.527996862631982,74.4155488857358,1.0
2023-01-05 06:10:00,0.38745109527016236,69.610814014936,0.0
2023-01-05 06:20:00,0.7445751979616826,69.09760043204687,0.0
2023-01-05 06:30:00,0.5129221181975228,85.96553783922431,0.0
2023-01-05 06:40:00,0.5109394794604893,71.49376454182843,0.0
2023-01-05 06:50:00,0.5725766623898692,66.24104474952408,1.0
2023-01-05 07:00:00,0.5481009231736713,67.86821201897229,0.0
2023-01-05 07:10:00,0.5223884024279132,75.74222854598378,0.0
2023-01-05 07:20:00,0.4209525544554688,70.56635205268883,0.0
2023-01-05 07:30:00,0.5471468357135996,62.80861010841316,1.0
2023-01-05 07:40:00,0.6882024496475034,74.59614467287602,0.0
2023-01-05 07:50:00,0.6345420046154978,66.65927957230502,0.0
2023-01-05 08:00:00,0.6593186626639397,79.36648888108773,0.0
2023-01-05 08:10:00,0.44887843235688146,75.40024032857325,0.0
2023-01-05 08:20:00,0.4010395179741419,67.76339052170624,1.0
2023-01-05 08:30:00,0.4874213079900352,76.40508180867556,0.0
2023-01-05 08:40:00,0.5055724912288695,70.33927755263701,0.0
2023-01-05 08:50:00,0.6094191518470948,74.2638683756111,0.0
2023-01-05 09:00:00,0.33075353702851806,72.42366408647237,0.0
2023-01-05 09:10:00,0.6529550319460614,65.76821672504563,0.0
2023-01-05 09:20:00,0.48419921014210104,66.7822508384127,0.0
2023-01-05 09:30:00,0.457311893005258,75.1498040879058,0.0
2023-01-05 09:40:00,0.39878956247398323,68.3261233394673,0.0
2023-01-05 09:50:00,0.334514332813423,67.98175768379002,0.0
2023-01-05 10:00:00,0.5823170583961914,65.22438710325324,0.0
2023-01-05 10:10:00,0.5073317967188404,72.11799532796731,0.0
2023-01-05 10:20:00,0.3710039100258946,80.31262459621573,0.0
2023-01-05 10:30:00,0.3704921227936384,64.66233542872864,0.0
2023-01-05 10:40:00,0.4664215300709872,70.1210972833638,0.0
2023-01-05 10:50:00,0.6669021525289394,77.06110277707714,0.0
2023-01-05 11:00:00,0.4740408648636395,69.60179304377142,0.0
2023-01-05 11:10:00,0.3496857046881894,72.26185898124866,0.0
2023-01-05 11:20:00,0.4754256935914056,64.6880323592656,0.0
2023-01-05 11:30:00,0.47272764302523296,72.14153548603824,0.0
2023-01-05 11:40:00,0.23031133570584283,69.06427867497726,0.0
2023-01-05 11:50:00,0.4945705133482188,74.92864997839932,0.0
2023-01-05 12:00:00,0.4769065469791322,75.93693025782376,0.0
2023-01-05 12:10:00,0.5696206364813419,82.94781821009308,0.0
2023-01-05 12:20:00,0.6848956094945345,72.89816586606788,0.0
2023-01-05 12:30:00,0.6126565029547757,71.62898158291084,0.0
2023-01-05 12:40:00,0.47311113094451696,70.97192150788668,0.0
2023-01-05 12:50:00,0.389347409125833,68.23416853594655,0.0
2023-01-05 13:00:00,0.7573359803249861,71.69241921730845,0.0
2023-01-05 13:10:00,0.5059218434014489,68.52299294930485,0.0
2023-01-05 13:20:00,0.5013929291912946,70.84230488134807,0.0
2023-01-05 13:30:00,0.49758749128899965,76.5879876780398,0.0
2023-01-05 13:40:00,0.5198084760767855,64.96728717360179,0.0
2023-01-05 13:50:00,0.4855639588076058,75.69939280564523,0.0
2023-01-05 14:00:00,0.4426337993119764,76.58557533669932,0.0
2023-01-05 14:10:00,0.44531410587596076,69.40965736504461,0.0
2023-01-05 14:20:00,0.4967246729784002,59.390725504957025,1.0
2023-01-05 14:30:00,0.4456575228866235,66.96089006452783,0.0
2023-01-05 14:40:00,0.42871542173228355,76.48497273280555,0.0
2023-01-05 14:50:00,0.5106430227691897,69.88565968850558,1.0
2023-01-05 15:00:00,0.47450227825791447,65.00348883852544,0.0
2023-01-05 15:10:00,0.6503992988582689,67.47612539385891,0.0
2023-01-05 15:20:00,0.23490301916069878,74.20310013252276,0.0
2023-01-05 15:30:00,0.6091506851922461,72.73366784100689,0.0
2023-01-05 15:40:00,0.6246085192497629,68.80533950415153,0.0
2023-01-05 15:50:00,0.292660976759185,68.16587794092656,0.0
2023-01-05 16:00:00,0.46573124059196513,68.0412092547809,0.0
2023-01-05 16:10:00,0.46285591340042087,65.38794907750749,0.0
2023-01-05 16:20:00,0.3592488305282179,78.07687844734721,0.0
2023-01-05 16:30:00,0.42221833124091246,68.3883976539433,0.0
2023-01-05 16:40:00,0.3889424154534171,76.08579260412748,0.0
2023-01-05 16:50:00,0.6752270443423622,77.60658025961226,0.0
2023-01-05 17:00:00,0.5935678393147461,74.9915544907398,0.0
2023-01-05 17:10:00,0.6271555094994159,67.84189843640976,0.0
2023-01-05 17:20:00,0.5721672064043235,72.01865045168304,0.0
2023-01-05 17:30:00,0.38709482287827707,69.87902196804542,0.0
2023-01-05 17:40:00,0.4475479733720226,65.48149069634935,0.0
2023-01-05 17:50:00,0.5489374561227918,71.62179640860802,0.0
2023-01-05 18:00:00,0.3777872191108055,64.10480104420098,0.0
2023-01-05 18:10:00,0.5712998430172388,75.93839694230782,0.0
2023-01-05 18:20:00,0.4759674601841865,67.67691351350804,0.0
2023-01-05 18:30:00,0.46251791924504027,71.0057982793642,1.0
2023-01-05 18:40:00,0.5710959968203492,71.41643935773071,0.0
2023-01-05 18:50:00,0.544426331148604,68.70547513147962,0.0
2023-01-05 19:00:00,0.463903383418092,72.93346900737637,0.0
2023-01-05 19:10:00,0.6159329803364249,67.62548171688738,1.0
2023-01-05 19:20:00,0.3918936672400103,74.35648648728622,0.0
2023-01-05 19:30:00,0.5615935606944263,63.27010159876626,0.0
2023-01-05 19:40:00,0.5593101257968384,70.63189789773206,0.0
2023-01-05 19:50:00,0.469045356068601,79.69464499529143,0.0
2023-01-05 20:00:00,0.5326133022242118,64.99834337697213,0.0
2023-01-05 20:10:00,0.3748886423614697,66.61127514737575,0.0
2023-01-05 20:20:00,0.5924027019206901,72.56953924829457,0.0
2023-01-05 20:30:00,0.4815097863557011,70.89790890969799,0.0
2023-01-05 20:40:00,0.447727697948096,71.7531504963678,0.0
2023-01-05 20:50:00,0.604900922583689,72.44593565073832,0.0
2023-01-05 21:00:00,0.4295656309457241,73.17360734280885,0.0
2023-01-05 21:10:00,0.359153870363644,75.54849920978111,0.0
2023-01-05 21:20:00,0.34433708264760965,72.04909328464257,0.0
2023-01-05 21:30:00,0.560600995134564,68.79371172690729,0.0
2023-01-05 21:40:00,0.3719570647503717,73.36286850601365,0.0
2023-01-05 21:50:00,0.6754794181984365,79.49940967447608,0.0
2023-01-05 22:00:00,0.29180705921162775,69.33683126808714,0.0
2023-01-05 22:10:00,0.6696456368290038,65.12735347664679,0.0
2023-01-05 22:20:00,0.5211017467202619,75.53540334643486,0.0
2023-01-05 22:30:00,0.49032868881296077,69.39809418023201,0.0
2023-01-05 22:40:00,0.445508091319105,59.13665226992982,0.0
2023-01-05 22:50:00,0.5399136114352071,74.23710838575211,0.0
2023-01-05 23:00:00,0.49623652975751514,67.32335907023038,0.0
2023-01-05 23:10:00,0.6103301882016522,69.54733358847919,0.0
2023-01-05 23:20:00,0.511422764866204,71.65990165284508,0.0
2023-01-05 23:30:00,0.5150301761461877,70.95249839889533,0.0
2023-01-05 23:40:00,0.4636387787786144,73.5472590856952,0.0
2023-01-05 23:50:00,0.49430543762789325,67.82256814715079,0.0
2023-01-06 00:00:00,0.5307801768892059,72.56552899088041,0.0
2023-01-06 00:10:00,0.3289831607343374,68.70226661208041,0.0
2023-01-06 00:20:00,0.3651814577894287,73.69405240443751,0.0
2023-01-06 00:30:00,0.5743264094022715,73.07683742006526,0.0
2023-01-06 00:40:00,0.5170865438127942,65.32280648977702,0.0
2023-01-06 00:50:00,0.48160166636473206,75.42991058087516,0.0
2023-01-06 01:00:00,0.5018433933065393,67.32018277442975,1.0
2023-01-06 01:10:00,0.5347581705361671,74.04028899140573,0.0
2023-01-06 01:20:00,0.4460240319690638,71.8364365670067,0.0
2023-01-06 01:30:00,0.4221695274597687,79.19091838397561,0.0
2023-01-06 01:40:00,0.5195845255097682,68.88267008814074,0.0
2023-01-06 01:50:00,0.4021627222384968,68.25341601940902,0.0
2023-01-06 02:00:00,0.5408252755714472,69.90290197056133,0.0
2023-01-06 02:10:00,0.32974163957621594,68.48410108582863,0.0
2023-01-06 02:20:00,0.6029155637325644,73.99970950971024,0.0
2023-01-06 02:30:00,0.5472597482413043,61.91844695781706,0.0
2023-01-06 02:40:00,0.5256029734313876,64.73158790426822,0.0
2023-01-06 02:50:00,0.5982690983945513,64.66098539210404,0.0
2023-01-06 03:00:00,0.6665474444462577,74.75153795986787,0.0
2023-01-06 03:10:00,0.6014370065018131,78.55306686290963,0.0
2023-01-06 03:20:00,0.3159125768668355,69.47775390731265,0.0
2023-01-06 03:30:00,0.37204230332642985,69.15589138404995,0.0
2023-01-06 03:40:00,0.4375181422304321,70.3502608155659,0.0
2023-01-06 03:50:00,0.5026091050210834,75.80939151304095,0.0
2023-01-06 04:00:00,0.5517659020469123,65.36323432904713,0.0
2023-01-06 04:10:00,0.42742561868465345,71.19184491367392,0.0
2023-01-06 04:20:00,0.5186766764477079,74.87598814891214,0.0
2023-01-06 04:30:00,0.42446170676466777,72.50547084969922,0.0
2023-01-06 04:40:00,0.4388482197008052,70.94790808299372,0.0
2023-01-06 04:50:00,0.35933389031517776,75.00523046283571,1.0
2023-01-06 05:00:00,0.40767667538890956,56.48383853500381,0.0
2023-01-06 05:10:00,0.36483153943836666,73.38937659765453,0.0
2023-01-06 05:20:00,0.4024126747022667,66.72962158436287,1.0
2023-01-06 05:30:00,0.6053641796607839,60.846835515717714,0.0
2023-01-06 05:40:00,0.4050601111168057,72.5560129976249,0.0
2023-01-06 05:50:00,0.7632382064837391,76.86829272581478,0.0
2023-01-06 06:00:00,0.549331790088089,69.31275742686154,0.0
2023-01-06 06:10:00,0.5184836123694874,74.76437273601469,1.0
2023-01-06 06:20:00,0.41416422198187863,78.06139128994323,0.0
2023-01-06 06:30:00,0.5700309879408991,76.57457226792023,0.0
2023-01-06 06:40:00,0.44243621737622263,78.19982264685697,1.0
2023-01-06 06:50:00,0.5122009814645362,73.71063745535946,0.0
2023-01-06 07:00:00,0.7560084538268794,70.37716819450796,0.0
2023-01-06 07:10:00,0.490394010027535,61.99017094051416,0.0
2023-01-06 07:20:00,0.6149273326285676,68.76968755935026,0.0
2023-01-06 07:30:00,0.42968235748741124,65.78376702341905,0.0
2023-01-06 07:40:00,0.49650115095030384,80.85471358748907,0.0
2023-01-06 07:50:00,0.677080063563551,69.12057093783832,0.0
2023-01-06 08:00:00,0.43730329422122327,70.61602403392243,1.0
2023-01-06 08:10:00,0.6812448557996928,72.75742688020233,0.0
2023-01-06 08:20:00,0.5707751935455475,70.21801223186228,0.0
2023-01-06 08:30:00,0.44375332241057325,78.47525520215376,1.0
2023-01-06 08:40:00,0.563240773905552,66.88675319132774,0.0
2023-01-06 08:50:00,0.597255444962673,70.97303727618622,0.0
2023-01-06 09:00:00,0.5621809962217197,66.28764707150975,0.0
2023-01-06 09:10:00,0.3429775280109544,63.399887443896475,0.0
2023-01-06 09:20:00,0.42728628241751315,66.94115454547358,0.0
2023-01-06 09:30:00,0.47524813644484953,69.81481601475794,0.0
2023-01-06 09:40:00,0.49255665708999535,67.8534888774137,0.0
2023-01-06 09:50:00,0.5620672097550679,66.53789510063072,0.0
2023-01-06 10:00:00,0.5177701000933254,62.96841268164083,0.0
2023-01-06 10:10:00,0.3664655641289899,69.58447213685653,0.0
2023-01-06 10:20:00,0.5380197851005963,62.47639812984499,0.0
2023-01-06 10:30:00,0.5610585745283823,73.80027981844802,0.0
2023-01-06 10:40:00,0.555979044793104,70.41219876467251,0.0
2023-01-06 10:50:00,0.6080780725554622,62.712242502675345,0.0
2023-01-06 11:00:00,0.5833922154548904,68.45395461475069,0.0
2023-01-06 11:10:00,0.5459180079228436,66.23921797204709,0.0
2023-01-06 11:20:00,0.4929834288541353,71.5958725520959,0.0
2023-01-06 11:30:00,0.33390390664840086,76.70225223011572,0.0
2023-01-06 11:40:00,0.5429618219132586,60.62413765177128,0.0
2023-01-06 11:50:00,0.5207687687163112,70.57513039573709,0.0
2023-01-06 12:00:00,0.5271578837195373,69.1993360221668,0.0
2023-01-06 12:10:00,0.37232514241796905,73.35670038225233,0.0
2023-01-06 12:20:00,0.3918943459591738,71.06598314118844,0.0
2023-01-06 12:30:00,0.6053152853332904,66.2401533413059,0.0
2023-01-06 12:40:00,0.4960444846143345,68.4047303216669,0.0
2023-01-06 12:50:00,0.5681500697372625,66.01987071598255,0.0
2023-01-06 13:00:00,0.5028318376130461,75.38003569299299,0.0
2023-01-06 13:10:00,0.5029756139495746,70.10655824335971,0.0
2023-01-06 13:20:00,0.5938283805975998,79.50595342876504,0.0
2023-01-06 13:30:00,0.4483955271782626,69.6966959309269,0.0
2023-01-06 13:40:00,0.5096120776940983,66.45796616544769,0.0
2023-01-06 13:50:00,0.45377247112949576,62.43142803693586,0.0
2023-01-06 14:00:00,0.45655037725676845,60.98430161872027,0.0
2023-01-06 14:10:00,0.46908278765313605,62.07932028497255,0.0
2023-01-06 14:20:00,0.5222133771633712,71.33563325505742,0.0
2023-01-06 14:30:00,0.45212513783365227,72.54362511614967,0.0
2023-01-06 14:40:00,0.6255756125573521,62.094046489839336,0.0
2023-01-06 14:50:00,0.4105392697780496,74.47519157038057,0.0
2023-01-06 15:00:00,0.4813128355838641,67.58469474158281,0.0
2023-01-06 15:10:00,0.4560268941725825,70.73396505992774,1.0
2023-01-06 15:20:00,0.6446977884353733,78.06110314127713,0.0
2023-01-06 15:30:00,0.5196554776511575,74.48419657932766,0.0
2023-01-06 15:40:00,0.6031844539468635,68.65734676047084,0.0
2023-01-06 15:50:00,0.3514439626963028,65.54403887292357,0.0
2023-01-06 16:00:00,0.5267050265869259,59.24092299335348,0.0
2023-01-06 16:10:00,0.5889630795623437,66.4042334037879,0.0
2023-01-06 16:20:00,0.5082283989275425,68.94434880586152,0.0
2023-01-06 16:30:00,0.6065480375065351,65.06410236424408,0.0
2023-01-06 16:40:00,0.4482711549899628,69.34371516453848,0.0
2023-01-06 16:50:00,0.640934744018558,70.38425941479385,0.0
2023-01-06 17:00:00,0.7298898123619251,68.8757200909596,0.0
2023-01-06 17:10:00,0.4637161439560341,66.7499870958827,0.0
2023-01-06 17:20:00,0.4554497478599228,70.84327335983363,0.0
2023-01-06 17:30:00,0.6453384477117701,72.20970324784705,0.0
2023-01-06 17:40:00,0.6579572145730712,64.54800461278577,0.0
2023-01-06 17:50:00,0.44771399728467315,77.05466189873135,0.0
2023-01-06 18:00:00,0.4579813182904143,69.50705933857869,0.0
2023-01-06 18:10:00,0.4718215391139493,70.09424811472424,1.0
2023-01-06 18:20:00,0.36555494889657225,73.54107211628279,1.0
2023-01-06 18:30:00,0.4081348053515802,71.1660806563175,0.0
2023-01-06 18:40:00,0.3995859233247932,74.76568316956623,0.0
2023-01-06 18:50:00,0.42322024348958714,71.43562082600913,0.0
2023-01-06 19:00:00,0.4965315112613219,66.9378131267978,0.0
2023-01-06 19:10:00,0.5234214732536521,71.8075176260305,0.0
2023-01-06 19:20:00,0.6550500492814078,64.28136896339669,0.0
2023-01-06 19:30:00,0.4001645959261209,70.54279852888261,0.0
2023-01-06 19:40:00,0.5984322398476584,69.8338500467777,0.0
2023-01-06 19:50:00,0.4786011155774491,68.9594157136373,0.0
2023-01-06 20:00:00,0.4950536290347567,69.35731244280535,0.0
2023-01-06 20:10:00,0.5674819492166604,60.5907547725118,0.0
2023-01-06 20:20:00,0.38772779784377015,67.25637546129519,0.0
2023-01-06 20:30:00,0.538240974618405,70.46422450570557,0.0
2023-01-06 20:40:00,0.5166452208213056,70.799281959987,0.0
2023-01-06 20:50:00,0.5492451264008149,64.8616242953702,0.0
2023-01-06 21:00:00,0.5289168643907818,76.3285392043235,0.0
2023-01-06 21:10:00,0.7455300139910894,65.66912575892749,0.0
2023-01-06 21:20:00,0.4362260015748684,74.84728600263368,0.0
2023-01-06 21:30:00,0.4469003044998182,72.13597180935842,0.0
2023-01-06 21:40:00,0.43768594735752353,66.76886345078098,0.0
2023-01-06 21:50:00,0.4444522880839745,78.87655446304755,0.0
2023-01-06 22:00:00,0.4362612872693482,64.0318158412176,0.0
2023-01-06 22:10:00,0.6189016531107552,74.59577086805001,0.0
2023-01-06 22:20:00,0.6420504247989856,75.0029115902149,0.0
2023-01-06 22:30:00,0.4429253706250524,66.64689895461677,0.0
2023-01-06 22:40:00,0.41676444268957713,76.96232650032164,0.0
2023-01-06 22:50:00,0.5471415556386404,68.74976742700524,0.0
2023-01-06 23:00:00,0.4447776955719029,71.44346814639928,0.0
2023-01-06 23:10:00,0.5632931817755511,71.30160919385611,0.0
2023-01-06 23:20:00,0.52029230208513,69.32845629264726,0.0
2023-01-06 23:30:00,0.34842558850027683,74.05404136579891,0.0
2023-01-06 23:40:00,0.6547505201330062,73.96744360276107,0.0
2023-01-06 23:50:00,0.6795877673095522,61.257340133809095,0.0
2023-01-07 00:00:00,0.4387211309515614,76.52170121439076,0.0
2023-01-07 00:10:00,0.4612298440064016,61.68754005982163,0.0
2023-01-07 00:20:00,0.5285865390724905,75.16273102170828,0.0
2023-01-07 00:30:00,0.5334456789987025,75.63352568413792,0.0
2023-01-07 00:40:00,0.5658544272672831,64.54516784892401,0.0
2023-01-07 00:50:00,0.7010204538766349,67.94592856022707,0.0
2023-01-07 01:00:00,0.4823052772505951,64.47147665757032,0.0
2023-01-07 01:10:00,0.4201702755461546,68.92539484855632,0.0
2023-01-07 01:20:00,0.3620680771985473,68.4598285790713,0.0
2023-01-07 01:30:00,0.42690699600580806,73.8983026613467,0.0
2023-01-07 01:40:00,0.4966873027126203,76.55154373059804,0.0
2023-01-07 01:50:00,0.6794557863517787,76.97841905394978,0.0
2023-01-07 02:00:00,0.44823887009638286,67.18915986710849,0.0
2023-01-07 02:10:00,0.5223787951638899,68.95389063127736,0.0
2023-01-07 02:20:00,0.4983577103927248,61.58280903889525,0.0
2023-01-07 02:30:00,0.6188393273448084,65.97064966751906,1.0
2023-01-07 02:40:00,0.7526932425873623,74.8242581654873,0.0
2023-01-07 02:50:00,0.4469131227079679,78.07791411774116,0.0
2023-01-07 03:00:00,0.45105605574817775,63.82825564060039,0.0
2023-01-07 03:10:00,0.6044160877069072,67.03767870423553,0.0
2023-01-07 03:20:00,0.5681891489626312,69.86797121520536,0.0
2023-01-07 03:30:00,0.6846707325736033,71.40080579409803,0.0
2023-01-07 03:40:00,0.5583928185325964,65.95198240039177,0.0
2023-01-07 03:50:00,0.46407079092129405,72.12030522232045,0.0
2023-01-07 04:00:00,0.559065483069231,67.63080326464542,0.0
2023-01-07 04:10:00,0.6108703580582908,69.9277386456086,0.0
2023-01-07 04:20:00,0.5820482181197364,72.73142124001849,0.0
2023-01-07 04:30:00,0.5507274031107298,70.03211134905469,0.0
2023-01-07 04:40:00,0.6066674689589154,67.81807054736716,0.0
2023-01-07 04:50:00,0.6169295590445673,69.45195098037084,0.0
2023-01-07 05:00:00,0.6382158991037528,69.55818520397332,0.0
2023-01-07 05:10:00,0.5648709887589642,68.14994485058936,0.0
2023-01-07 05:20:00,0.4832881919683146,68.70601968666449,0.0
2023-01-07 05:30:00,0.5146713686433323,77.99323585252358,0.0
2023-01-07 05:40:00,0.6206508966508357,72.8045972397062,0.0
2023-01-07 05:50:00,0.4183064329012764,68.5225984098542,1.0
2023-01-07 06:00:00,0.5368673308872901,73.48477202255368,0.0
2023-01-07 06:10:00,0.46066611876726393,68.33090255121995,0.0
2023-01-07 06:20:00,0.5028744822934818,75.86562318793321,0.0
2023-01-07 06:30:00,0.6278451862607299,71.84821096099047,0.0
2023-01-07 06:40:00,0.5191099068019903,69.46348927997886,0.0
2023-01-07 06:50:00,0.5046436548156149,72.23858462905139,0.0
2023-01-07 07:00:00,0.3640143859020081,62.145619239657506,0.0
2023-01-07 07:10:00,0.5746253566027221,64.36616265545098,0.0
2023-01-07 07:20:00,0.5645484181141075,64.03037496800472,0.0
2023-01-07 07:30:00,0.716325472330546,70.71471547381853,0.0
2023-01-07 07:40:00,0.46922217650469994,78.66257499742545,0.0
2023-01-07 07:50:00,0.521915032766394,81.15650073096316,0.0
2023-01-07 08:00:00,0.5249383683710755,73.19025550720379,0.0
2023-01-07 08:10:00,0.6577453279763474,72.50422237472229,0.0
2023-01-07 08:20:00,0.4904704467613048,60.9947113292363,0.0
2023-01-07 08:30:00,0.5279021525770339,67.2866310013299,0.0
2023-01-07 08:40:00,0.5607896509716539,66.0610812404588,0.0
2023-01-07 08:50:00,0.5186609123156358,66.89576200874441,0.0
2023-01-07 09:00:00,0.4553566385449472,69.15928090707605,0.0
2023-01-07 09:10:00,0.5194089992898308,67.63954711151436,0.0
2023-01-07 09:20:00,0.6073631749859772,60.10350094812106,0.0
2023-01-07 09:30:00,0.39734847005889395,73.73955128058768,0.0
2023-01-07 09:40:00,0.5132969674146876,64.63628487130097,0.0
2023-01-07 09:50:00,0.42998791850608264,71.19623432055575,0.0
2023-01-07 10:00:00,0.6195046628924843,80.37041334874986,0.0
2023-01-07 10:10:00,0.3476813095216225,65.40307704206788,0.0
2023-01-07 10:20:00,0.44410781527284116,57.348562386268355,0.0
2023-01-07 10:30:00,0.537721187506452,68.56997889059944,0.0
2023-01-07 10:40:00,0.6565524029234341,75.50479817499286,0.0
2023-01-07 10:50:00,0.49342497389270124,79.79173727110297,0.0
2023-01-07 11:00:00,0.44448004733068014,63.85225202773792,0.0
2023-01-07 11:10:00,0.688115706944059,72.48349611618261,0.0
2023-01-07 11:20:00,0.3551986099583756,67.67344771609973,0.0
2023-01-07 11:30:00,0.28011940433799176,69.47025822847932,0.0
2023-01-07 11:40:00,0.5440014450053332,83.22171673508518,0.0
2023-01-07 11:50:00,0.4497945775647389,62.48514835802423,0.0
2023-01-07 12:00:00,0.39787671828692867,71.26869830747287,0.0
2023-01-07 12:10:00,0.5708356447299353,72.33846585882716,0.0
2023-01-07 12:20:00,0.5243800713771198,75.42893162469673,0.0
2023-01-07 12:30:00,0.44359213692632715,70.48991576735447,0.0
2023-01-07 12:40:00,0.37196956013291055,71.54025269752051,0.0
2023-01-07 12:50:00,0.5872457328280145,68.04175716289105,0.0
2023-01-07 13:00:00,0.5650201177958661,71.34563470622554,0.0
2023-01-07 13:10:00,0.49008241362206173,68.28403862251295,0.0
2023-01-07 13:20:00,0.6846636996047666,73.10785944928026,0.0
2023-01-07 13:30:00,0.39299152336738474,68.15194831978182,0.0
2023-01-07 13:40:00,0.34744748290752614,71.88550196951093,0.0
2023-01-07 13:50:00,0.43080919301187554,69.85368593157511,0.0
2023-01-07 14:00:00,0.4954413983644502,75.63025125386085,0.0
2023-01-07 14:10:00,0.5243339449322691,69.74303138205757,0.0
2023-01-07 14:20:00,0.475876394214367,61.134837658965594,0.0
2023-01-07 14:30:00,0.5352055396514297,76.30960750356996,0.0
2023-01-07 14:40:00,0.37484605758095557,65.47133849568691,0.0
2023-01-07 14:50:00,0.644376460407326,66.7311683067559,0.0
2023-01-07 15:00:00,0.4917848821607431,67.02169352978254,0.0
2023-01-07 15:10:00,0.6117295831588128,76.87219046585409,0.0
2023-01-07 15:20:00,0.5342725346377704,59.32162893010652,0.0
2023-01-07 15:30:00,0.5456753219153784,85.68874266829997,0.0
2023-01-07 15:40:00,0.5569767280232204,75.28028404533026,0.0
2023-01-07 15:50:00,0.5447708560017315,71.1161945706458,0.0
2023-01-07 16:00:00,0.5642722759867544,69.72552999691857,0.0
2023-01-07 16:10:00,0.6329152530132431,71.42777037428829,0.0
2023-01-07 16:20:00,0.519652116970147,72.60561214189669,0.0
2023-01-07 16:30:00,0.5709003757588512,73.22607792975029,0.0
2023-01-07 16:40:00,0.4910264305712773,72.77802233001724,0.0
2023-01-07 16:50:00,0.6440117215449472,70.44790340627624,0.0
2023-01-07 17:00:00,0.432360769794073,69.01330789846337,0.0
2023-01-07 17:10:00,0.6800940432910816,69.24363358173244,0.0
2023-01-07 17:20:00,0.49598420493556566,69.0254585982366,0.0
2023-01-07 17:30:00,0.3569224897881952,75.66885048433532,0.0
2023-01-07 17:40:00,0.5128104414910789,72.96778361140431,0.0
2023-01-07 17:50:00,0.4318948342525119,55.2980568266786,0.0
2023-01-07 18:00:00,0.5840643548988724,73.27950388264881,0.0
2023-01-07 18:10:00,0.4347376020697609,70.97368097359387,0.0
2023-01-07 18:20:00,0.45538165667852204,69.90645621777051,0.0
2023-01-07 18:30:00,0.31104592690544686,68.05740773455557,0.0
2023-01-07 18:40:00,0.45476936807509233,75.62056359993007,0.0
2023-01-07 18:50:00,0.2576120673371043,74.73763231061429,0.0
2023-01-07 19:00:00,0.34160971765142767,66.13561166088195,0.0
2023-01-07 19:10:00,0.5760414656144297,72.03526143562267,0.0
2023-01-07 19:20:00,0.5785800158650832,65.14171632729357,0.0
2023-01-07 19:30:00,0.5425457561784964,63.101909176055344,1.0
2023-01-07 19:40:00,0.4033023856870787,66.86641387705018,0.0
2023-01-07 19:50:00,0.495228864385802,74.31196736191379,0.0
2023-01-07 20:00:00,0.49963974609094314,74.76562522688043,0.0
2023-01-07 20:10:00,0.38416353108074575,72.56542710048646,0.0
2023-01-07 20:20:00,0.650339830176715,73.62547893423998,0.0
2023-01-07 20:30:00,0.5877362290575672,72.5808914355748,0.0
2023-01-07 20:40:00,0.4779035826170336,66.79259202388523,0.0
2023-01-07 20:50:00,0.502688583899453,72.1596127233697,0.0
2023-01-07 21:00:00,0.5208382807947552,74.0020476261384,0.0
2023-01-07 21:10:00,0.2958265131575709,73.77145664906787,0.0
2023-01-07 21:20:00,0.4752822617479403,75.94456685737322,0.0
2023-01-07 21:30:00,0.4318015752002201,73.54151923600531,0.0
2023-01-07 21:40:00,0.3998379990105084,71.75724103770791,0.0
2023-01-07 21:50:00,0.4718899707114045,75.35075119158213,0.0
2023-01-07 22:00:00,0.6797686526849522,69.8673937037547,0.0
2023-01-07 22:10:00,0.564084286126701,65.5906267438614,0.0
2023-01-07 22:20:00,0.4428821010217203,69.18466518028119,0.0
2023-01-07 22:30:00,0.5572582781356159,66.27548677596775,0.0
